Index,Target Var,Method,CrossValMeans,CrossValerrors,Model
Australian Grand Prix,statusId,Extra Trees,0.7038314176245212,0.061300287309549784,1_3
Australian Grand Prix,statusId,Random Forest,0.7153256704980843,0.036303566543677154,1_3
Australian Grand Prix,statusId,Gradient Boosting,0.7501915708812259,0.011920574088968624,1_3
Australian Grand Prix,statusId,Logistic Regression,0.6137931034482759,0.11304175497144132,1_3
Australian Grand Prix,statusId,KNN,0.7831417624521073,0.06071557943154118,1_3
Australian Grand Prix,statusId,SVC,0.7942528735632184,0.07608813408476031,1_3
Australian Grand Prix,statusId,LDA,0.5256704980842912,0.21499954851152733,1_3
Australian Grand Prix,statusId,MLP,0.6249042145593869,0.1127778282168468,1_3
Australian Grand Prix,statusId,Extra Trees,0.7632632632632633,0.09291802238537547,1_4
Australian Grand Prix,statusId,Random Forest,0.6641641641641641,0.0425101448800522,1_4
Australian Grand Prix,statusId,Gradient Boosting,0.5447947947947949,0.11177925437582738,1_4
Australian Grand Prix,statusId,Logistic Regression,0.6101101101101101,0.0965823325758112,1_4
Australian Grand Prix,statusId,KNN,0.7812812812812813,0.06076084321548251,1_4
Australian Grand Prix,statusId,SVC,0.7992992992992992,0.07013081879714918,1_4
Australian Grand Prix,statusId,LDA,0.6281281281281282,0.13841169182938884,1_4
Australian Grand Prix,statusId,MLP,0.6914414414414415,0.12824000761699786,1_4
Australian Grand Prix,statusId,Extra Trees,0.7878787878787877,0.04670010608309831,1_5
Australian Grand Prix,statusId,Random Forest,0.7954545454545455,0.018556740475630166,1_5
Australian Grand Prix,statusId,Gradient Boosting,0.6818181818181818,0.12168468488037132,1_5
Australian Grand Prix,statusId,Logistic Regression,0.4924242424242424,0.10873257647278275,1_5
Australian Grand Prix,statusId,KNN,0.8333333333333334,0.06516913081092898,1_5
Australian Grand Prix,statusId,SVC,0.8333333333333334,0.06516913081092898,1_5
Australian Grand Prix,statusId,LDA,0.537878787878788,0.19842122505619386,1_5
Australian Grand Prix,statusId,MLP,0.7196969696969697,0.059651574803119785,1_5
Chinese Grand Prix,statusId,Extra Trees,0.6744663382594417,0.09858543398321522,1_3
Chinese Grand Prix,statusId,Random Forest,0.7680623973727423,0.056635370836762844,1_3
Chinese Grand Prix,statusId,Gradient Boosting,0.7344006568144499,0.11204565580377973,1_3
Chinese Grand Prix,statusId,Logistic Regression,0.6884236453201971,0.14727265378311996,1_3
Chinese Grand Prix,statusId,KNN,0.722495894909688,0.11061523673628434,1_3
Chinese Grand Prix,statusId,SVC,0.7684729064039408,0.0687305403496103,1_3
Chinese Grand Prix,statusId,LDA,0.6658456486042693,0.19866262122434913,1_3
Chinese Grand Prix,statusId,MLP,0.7463054187192117,0.13192102284493054,1_3
Chinese Grand Prix,statusId,Extra Trees,0.7314814814814815,0.06928995160692487,1_4
Chinese Grand Prix,statusId,Random Forest,0.7407407407407408,0.026189140043946214,1_4
Chinese Grand Prix,statusId,Gradient Boosting,0.7962962962962964,0.057077907434897955,1_4
Chinese Grand Prix,statusId,Logistic Regression,0.7777777777777778,0.07856742013183865,1_4
Chinese Grand Prix,statusId,KNN,0.8240740740740741,0.05707790743489791,1_4
Chinese Grand Prix,statusId,SVC,0.8240740740740741,0.05707790743489791,1_4
Chinese Grand Prix,statusId,LDA,0.7870370370370371,0.09166199015381171,1_4
Chinese Grand Prix,statusId,MLP,0.7314814814814815,0.10718367502583541,1_4
Chinese Grand Prix,statusId,Extra Trees,0.8225863284002819,0.058957556987189116,1_5
Chinese Grand Prix,statusId,Random Forest,0.7919309372797745,0.039496645700126294,1_5
Chinese Grand Prix,statusId,Gradient Boosting,0.7993305144467935,0.06226974360850721,1_5
Chinese Grand Prix,statusId,Logistic Regression,0.7922832980972516,0.019120242153106065,1_5
Chinese Grand Prix,statusId,KNN,0.8303382663847779,0.06182953489202591,1_5
Chinese Grand Prix,statusId,SVC,0.8225863284002819,0.058957556987189116,1_5
Chinese Grand Prix,statusId,LDA,0.6700140944326991,0.07200629308065966,1_5
Chinese Grand Prix,statusId,MLP,0.7921071176885132,0.03392925473491397,1_5
Bahrain Grand Prix,statusId,Extra Trees,0.6666666666666666,0.016835875742536838,1_3
Bahrain Grand Prix,statusId,Random Forest,0.7142857142857143,0.0583211843519804,1_3
Bahrain Grand Prix,statusId,Gradient Boosting,0.7023809523809524,0.044543540318737376,1_3
Bahrain Grand Prix,statusId,Logistic Regression,0.6428571428571429,0.029160592175990246,1_3
Bahrain Grand Prix,statusId,KNN,0.6785714285714285,0.05050762722761052,1_3
Bahrain Grand Prix,statusId,SVC,0.7380952380952381,0.06734350297014735,1_3
Bahrain Grand Prix,statusId,LDA,0.6785714285714285,0.0291605921759902,1_3
Bahrain Grand Prix,statusId,MLP,0.7023809523809524,0.044543540318737376,1_3
Bahrain Grand Prix,statusId,Extra Trees,0.6423280423280423,0.06135741381724538,1_4
Bahrain Grand Prix,statusId,Random Forest,0.7357142857142858,0.015430334996209187,1_4
Bahrain Grand Prix,statusId,Gradient Boosting,0.6698412698412698,0.01187827741832998,1_4
Bahrain Grand Prix,statusId,Logistic Regression,0.632010582010582,0.02383009105796518,1_4
Bahrain Grand Prix,statusId,KNN,0.6883597883597883,0.026634313118842786,1_4
Bahrain Grand Prix,statusId,SVC,0.7359788359788361,0.0252752823544893,1_4
Bahrain Grand Prix,statusId,LDA,0.5576719576719577,0.08737691154854188,1_4
Bahrain Grand Prix,statusId,MLP,0.5851851851851851,0.03135562410588159,1_4
Bahrain Grand Prix,statusId,Extra Trees,0.680140273163529,0.05587137013255709,1_5
Bahrain Grand Prix,statusId,Random Forest,0.6258767072720561,0.09246604606225463,1_5
Bahrain Grand Prix,statusId,Gradient Boosting,0.6175710594315245,0.04490477311881851,1_5
Bahrain Grand Prix,statusId,Logistic Regression,0.5795496493170912,0.17206592552499572,1_5
Bahrain Grand Prix,statusId,KNN,0.7033960871170173,0.08890027814880415,1_5
Bahrain Grand Prix,statusId,SVC,0.7733480989294943,0.06694980848380472,1_5
Bahrain Grand Prix,statusId,LDA,0.5640457733480989,0.19298004346533387,1_5
Bahrain Grand Prix,statusId,MLP,0.61812476928756,0.0929444872670693,1_5
Russian Grand Prix,statusId,Extra Trees,0.48721340388007045,0.11125973375226496,1_3
Russian Grand Prix,statusId,Random Forest,0.5599647266313933,0.10800939315063565,1_3
Russian Grand Prix,statusId,Gradient Boosting,0.583774250440917,0.1521464326362589,1_3
Russian Grand Prix,statusId,Logistic Regression,0.5357142857142857,0.1172756624088728,1_3
Russian Grand Prix,statusId,KNN,0.6212522045855379,0.0505691750063968,1_3
Russian Grand Prix,statusId,SVC,0.7191358024691358,0.06429835387654215,1_3
Russian Grand Prix,statusId,LDA,0.5956790123456789,0.16290917556045245,1_3
Russian Grand Prix,statusId,MLP,0.5357142857142857,0.1172756624088728,1_3
Russian Grand Prix,statusId,Extra Trees,0.538375350140056,0.024174172560662656,1_4
Russian Grand Prix,statusId,Random Forest,0.6624649859943977,0.07690899458684748,1_4
Russian Grand Prix,statusId,Gradient Boosting,0.6330532212885154,0.11488009330201614,1_4
Russian Grand Prix,statusId,Logistic Regression,0.5593837535014006,0.1487914472461227,1_4
Russian Grand Prix,statusId,KNN,0.6053221288515406,0.032879474979542536,1_4
Russian Grand Prix,statusId,SVC,0.711484593837535,0.04682481500048598,1_4
Russian Grand Prix,statusId,LDA,0.5305322128851541,0.14846044077632267,1_4
Russian Grand Prix,statusId,MLP,0.6439775910364146,0.02984738096352377,1_4
Russian Grand Prix,statusId,Extra Trees,0.5793650793650794,0.1294405272246039,1_5
Russian Grand Prix,statusId,Random Forest,0.6507936507936507,0.09784784131696786,1_5
Russian Grand Prix,statusId,Gradient Boosting,0.6825396825396824,0.07856742013183865,1_5
Russian Grand Prix,statusId,Logistic Regression,0.6349206349206349,0.11391031820958196,1_5
Russian Grand Prix,statusId,KNN,0.7063492063492064,0.029695693545824964,1_5
Russian Grand Prix,statusId,SVC,0.7222222222222223,0.022447834323382487,1_5
Russian Grand Prix,statusId,LDA,0.5873015873015873,0.1806318520117626,1_5
Russian Grand Prix,statusId,MLP,0.6349206349206349,0.08093681767607594,1_5
Spanish Grand Prix,statusId,Extra Trees,0.6344797178130511,0.02454130520295546,1_3
Spanish Grand Prix,statusId,Random Forest,0.6216931216931217,0.02127396487092564,1_3
Spanish Grand Prix,statusId,Gradient Boosting,0.7314814814814815,0.020002286106197083,1_3
Spanish Grand Prix,statusId,Logistic Regression,0.5229276895943563,0.1136095463211639,1_3
Spanish Grand Prix,statusId,KNN,0.6212522045855379,0.04053081197277392,1_3
Spanish Grand Prix,statusId,SVC,0.7314814814814814,0.04721314364437766,1_3
Spanish Grand Prix,statusId,LDA,0.5335097001763669,0.21548896108538945,1_3
Spanish Grand Prix,statusId,MLP,0.4735449735449735,0.20493113788213646,1_3
Spanish Grand Prix,statusId,Extra Trees,0.6274509803921569,0.03668291555660728,1_4
Spanish Grand Prix,statusId,Random Forest,0.6960784313725491,0.013864838846795053,1_4
Spanish Grand Prix,statusId,Gradient Boosting,0.715686274509804,0.027729677693590107,1_4
Spanish Grand Prix,statusId,Logistic Regression,0.6274509803921569,0.0909178283872128,1_4
Spanish Grand Prix,statusId,KNN,0.6274509803921569,0.0909178283872128,1_4
Spanish Grand Prix,statusId,SVC,0.7254901960784315,0.036682915556607236,1_4
Spanish Grand Prix,statusId,LDA,0.676470588235294,1.1102230246251565e-16,1_4
Spanish Grand Prix,statusId,MLP,0.6078431372549019,0.16346403922091243,1_4
Spanish Grand Prix,statusId,Extra Trees,0.6848625629113435,0.10487461170725261,1_5
Spanish Grand Prix,statusId,Random Forest,0.6535036778939217,0.07383650390904485,1_5
Spanish Grand Prix,statusId,Gradient Boosting,0.6126596980255518,0.0367187803938147,1_5
Spanish Grand Prix,statusId,Logistic Regression,0.6929926442121565,0.09338024036374809,1_5
Spanish Grand Prix,statusId,KNN,0.7175764614789006,0.024639387749344672,1_5
Spanish Grand Prix,statusId,SVC,0.7340301974448314,0.03297344847056539,1_5
Spanish Grand Prix,statusId,LDA,0.7017034456058847,0.021438632433543818,1_5
Spanish Grand Prix,statusId,MLP,0.6444057297715834,0.12800659854206775,1_5
Monaco Grand Prix,statusId,Extra Trees,0.7076719576719577,0.025535153854621236,1_3
Monaco Grand Prix,statusId,Random Forest,0.7076719576719577,0.04980997456021888,1_3
Monaco Grand Prix,statusId,Gradient Boosting,0.6459435626102293,0.0647322777693782,1_3
Monaco Grand Prix,statusId,Logistic Regression,0.7314814814814815,0.07672717836207438,1_3
Monaco Grand Prix,statusId,KNN,0.7195767195767196,0.015576297824211346,1_3
Monaco Grand Prix,statusId,SVC,0.7319223985890652,0.012471019068545783,1_3
Monaco Grand Prix,statusId,LDA,0.6825396825396824,0.03766165168265013,1_3
Monaco Grand Prix,statusId,MLP,0.6829805996472663,0.01543839629630654,1_3
Monaco Grand Prix,statusId,Extra Trees,0.5686274509803922,0.027729677693590107,1_4
Monaco Grand Prix,statusId,Random Forest,0.5686274509803922,0.04999038738816457,1_4
Monaco Grand Prix,statusId,Gradient Boosting,0.6470588235294118,0.06353667351380256,1_4
Monaco Grand Prix,statusId,Logistic Regression,0.6176470588235294,0.08658589084635146,1_4
Monaco Grand Prix,statusId,KNN,0.7058823529411765,0.02401460532140371,1_4
Monaco Grand Prix,statusId,SVC,0.7254901960784315,0.02772967769359005,1_4
Monaco Grand Prix,statusId,LDA,0.6078431372549019,0.09091782838721281,1_4
Monaco Grand Prix,statusId,MLP,0.6176470588235294,0.09605842128561484,1_4
Monaco Grand Prix,statusId,Extra Trees,0.6800813008130081,0.036671082963720014,1_5
Monaco Grand Prix,statusId,Random Forest,0.6475609756097561,0.010105530808663468,1_5
Monaco Grand Prix,statusId,Gradient Boosting,0.6302845528455284,0.07706495874058722,1_5
Monaco Grand Prix,statusId,Logistic Regression,0.6146341463414635,0.05085039275158338,1_5
Monaco Grand Prix,statusId,KNN,0.6227642276422763,0.06187413850549736,1_5
Monaco Grand Prix,statusId,SVC,0.7215447154471545,0.020120924667909906,1_5
Monaco Grand Prix,statusId,LDA,0.6146341463414635,0.05085039275158338,1_5
Monaco Grand Prix,statusId,MLP,0.6065040650406505,0.040093749612806345,1_5
Canadian Grand Prix,statusId,Extra Trees,0.6327160493827161,0.08429938446757816,1_3
Canadian Grand Prix,statusId,Random Forest,0.6701940035273369,0.055042280544364164,1_3
Canadian Grand Prix,statusId,Gradient Boosting,0.6710758377425045,0.04955563075212384,1_3
Canadian Grand Prix,statusId,Logistic Regression,0.6450617283950617,0.11720270090152794,1_3
Canadian Grand Prix,statusId,KNN,0.6820987654320988,0.11622327397384404,1_3
Canadian Grand Prix,statusId,SVC,0.7561728395061729,0.0157377145481259,1_3
Canadian Grand Prix,statusId,LDA,0.44753086419753085,0.23232357119208413,1_3
Canadian Grand Prix,statusId,MLP,0.7442680776014109,0.02604025231081729,1_3
Canadian Grand Prix,statusId,Extra Trees,0.6764705882352943,0.04159451654038516,1_4
Canadian Grand Prix,statusId,Random Forest,0.6568627450980392,0.013864838846795053,1_4
Canadian Grand Prix,statusId,Gradient Boosting,0.6862745098039215,0.03668291555660728,1_4
Canadian Grand Prix,statusId,Logistic Regression,0.6568627450980392,0.0909178283872128,1_4
Canadian Grand Prix,statusId,KNN,0.6960784313725491,0.013864838846795053,1_4
Canadian Grand Prix,statusId,SVC,0.7450980392156863,0.03668291555660723,1_4
Canadian Grand Prix,statusId,LDA,0.5686274509803922,0.23570226039551587,1_4
Canadian Grand Prix,statusId,MLP,0.6470588235294118,0.06353667351380256,1_4
Canadian Grand Prix,statusId,Extra Trees,0.6806910569105691,0.05067542348948963,1_5
Canadian Grand Prix,statusId,Random Forest,0.6392276422764227,0.05079267886016178,1_5
Canadian Grand Prix,statusId,Gradient Boosting,0.6640243902439025,0.021373379155062232,1_5
Canadian Grand Prix,statusId,Logistic Regression,0.7378048780487805,0.040751905804397186,1_5
Canadian Grand Prix,statusId,KNN,0.7378048780487805,0.02170137856103927,1_5
Canadian Grand Prix,statusId,SVC,0.7540650406504065,0.0399326884235539,1_5
Canadian Grand Prix,statusId,LDA,0.7213414634146341,0.010287846125889248,1_5
Canadian Grand Prix,statusId,MLP,0.6965447154471546,0.025073426443077196,1_5
Azerbaijan Grand Prix,statusId,Extra Trees,0.6327160493827161,0.08429938446757816,1_3
Azerbaijan Grand Prix,statusId,Random Forest,0.5965608465608466,0.05799023866873802,1_3
Azerbaijan Grand Prix,statusId,Gradient Boosting,0.5850970017636684,0.021717125848368136,1_3
Azerbaijan Grand Prix,statusId,Logistic Regression,0.6820987654320988,0.08955937116386979,1_3
Azerbaijan Grand Prix,statusId,KNN,0.6693121693121693,0.09398052734566989,1_3
Azerbaijan Grand Prix,statusId,SVC,0.7548500881834214,0.14093906895243064,1_3
Azerbaijan Grand Prix,statusId,LDA,0.6944444444444445,0.09886183566695657,1_3
Azerbaijan Grand Prix,statusId,MLP,0.6574074074074074,0.0796511598800243,1_3
Azerbaijan Grand Prix,statusId,Extra Trees,0.6568627450980392,0.0909178283872128,1_4
Azerbaijan Grand Prix,statusId,Random Forest,0.6176470588235294,0.10467723776501288,1_4
Azerbaijan Grand Prix,statusId,Gradient Boosting,0.5490196078431372,0.09998077477632913,1_4
Azerbaijan Grand Prix,statusId,Logistic Regression,0.6960784313725491,0.07719615562756676,1_4
Azerbaijan Grand Prix,statusId,KNN,0.7156862745098039,0.09091782838721274,1_4
Azerbaijan Grand Prix,statusId,SVC,0.7647058823529411,0.0,1_4
Azerbaijan Grand Prix,statusId,LDA,0.6960784313725489,0.09705387192756532,1_4
Azerbaijan Grand Prix,statusId,MLP,0.7156862745098039,0.04999038738816453,1_4
Azerbaijan Grand Prix,statusId,Extra Trees,0.6317073170731707,0.11970285107723307,1_5
Azerbaijan Grand Prix,statusId,Random Forest,0.6398373983739837,0.0903061383581259,1_5
Azerbaijan Grand Prix,statusId,Gradient Boosting,0.5981707317073172,0.043067374321104586,1_5
Azerbaijan Grand Prix,statusId,Logistic Regression,0.7217479674796747,0.038949156816414275,1_5
Azerbaijan Grand Prix,statusId,KNN,0.6810975609756098,0.1037027643571582,1_5
Azerbaijan Grand Prix,statusId,SVC,0.7461382113821138,0.02040836644888005,1_5
Azerbaijan Grand Prix,statusId,LDA,0.6892276422764229,0.09239409065860815,1_5
Azerbaijan Grand Prix,statusId,MLP,0.6723577235772357,0.06285977814659417,1_5
Austrian Grand Prix,statusId,Extra Trees,0.5379188712522046,0.07732031822498403,1_3
Austrian Grand Prix,statusId,Random Forest,0.5493827160493828,0.05724455861417103,1_3
Austrian Grand Prix,statusId,Gradient Boosting,0.5617283950617283,0.07458670354070722,1_3
Austrian Grand Prix,statusId,Logistic Regression,0.5749559082892416,0.10460799030925516,1_3
Austrian Grand Prix,statusId,KNN,0.6115520282186949,0.10522503169454218,1_3
Austrian Grand Prix,statusId,SVC,0.6948853615520282,0.020415938100159153,1_3
Austrian Grand Prix,statusId,LDA,0.5978835978835978,0.04906676452643228,1_3
Austrian Grand Prix,statusId,MLP,0.572310405643739,0.05212527938670779,1_3
Austrian Grand Prix,statusId,Extra Trees,0.5588235294117646,0.07204381596421114,1_4
Austrian Grand Prix,statusId,Random Forest,0.6176470588235294,0.04802921064280742,1_4
Austrian Grand Prix,statusId,Gradient Boosting,0.5980392156862745,0.027729677693590107,1_4
Austrian Grand Prix,statusId,Logistic Regression,0.607843137254902,0.08433652222590814,1_4
Austrian Grand Prix,statusId,KNN,0.6666666666666666,0.027729677693590107,1_4
Austrian Grand Prix,statusId,SVC,0.7156862745098039,0.03668291555660723,1_4
Austrian Grand Prix,statusId,LDA,0.607843137254902,0.013864838846795053,1_4
Austrian Grand Prix,statusId,MLP,0.5784313725490197,0.07719615562756679,1_4
Austrian Grand Prix,statusId,Extra Trees,0.7044715447154472,0.07108360273344524,1_5
Austrian Grand Prix,statusId,Random Forest,0.7209349593495936,0.059444878405485894,1_5
Austrian Grand Prix,statusId,Gradient Boosting,0.6642276422764227,0.03914277436491292,1_5
Austrian Grand Prix,statusId,Logistic Regression,0.6398373983739838,0.05827629573156883,1_5
Austrian Grand Prix,statusId,KNN,0.6963414634146341,0.05960242393664487,1_5
Austrian Grand Prix,statusId,SVC,0.7290650406504066,0.05520753243220493,1_5
Austrian Grand Prix,statusId,LDA,0.6477642276422765,0.027703483169230672,1_5
Austrian Grand Prix,statusId,MLP,0.6150406504065041,0.05558562211056679,1_5
British Grand Prix,statusId,Extra Trees,0.5714285714285715,0.14631008925542252,1_3
British Grand Prix,statusId,Random Forest,0.6582892416225748,0.020840039326448803,1_3
British Grand Prix,statusId,Gradient Boosting,0.646384479717813,0.015324644794517403,1_3
British Grand Prix,statusId,Logistic Regression,0.5714285714285715,0.14631008925542252,1_3
British Grand Prix,statusId,KNN,0.6948853615520282,0.10672744458841105,1_3
British Grand Prix,statusId,SVC,0.7319223985890652,0.012471019068545783,1_3
British Grand Prix,statusId,LDA,0.5357142857142857,0.1172756624088728,1_3
British Grand Prix,statusId,MLP,0.5476190476190476,0.12545002183167164,1_3
British Grand Prix,statusId,Extra Trees,0.6274509803921569,0.05545935538718021,1_4
British Grand Prix,statusId,Random Forest,0.6176470588235294,0.07204381596421114,1_4
British Grand Prix,statusId,Gradient Boosting,0.7058823529411765,0.02401460532140371,1_4
British Grand Prix,statusId,Logistic Regression,0.5098039215686275,0.06043543140165665,1_4
British Grand Prix,statusId,KNN,0.6568627450980392,0.03668291555660728,1_4
British Grand Prix,statusId,SVC,0.7156862745098039,0.04999038738816453,1_4
British Grand Prix,statusId,LDA,0.6274509803921569,0.06043543140165665,1_4
British Grand Prix,statusId,MLP,0.5980392156862745,0.06932419423397526,1_4
British Grand Prix,statusId,Extra Trees,0.6810975609756098,0.08932042326975081,1_5
British Grand Prix,statusId,Random Forest,0.6479674796747967,0.038116124129206626,1_5
British Grand Prix,statusId,Gradient Boosting,0.7132113821138212,0.040692051838425045,1_5
British Grand Prix,statusId,Logistic Regression,0.6884146341463415,0.013752219369135954,1_5
British Grand Prix,statusId,KNN,0.6973577235772357,0.06782712489146485,1_5
British Grand Prix,statusId,SVC,0.7296747967479674,0.017484400949273646,1_5
British Grand Prix,statusId,LDA,0.5646341463414634,0.08638761340695042,1_5
British Grand Prix,statusId,MLP,0.6560975609756098,0.03688226413728049,1_5
Hungarian Grand Prix,statusId,Extra Trees,0.7945326278659612,0.11644887094795901,1_3
Hungarian Grand Prix,statusId,Random Forest,0.8064373897707231,0.10115564831206424,1_3
Hungarian Grand Prix,statusId,Gradient Boosting,0.7447089947089948,0.05569186268168537,1_3
Hungarian Grand Prix,statusId,Logistic Regression,0.7826278659611993,0.13211777824619628,1_3
Hungarian Grand Prix,statusId,KNN,0.818342151675485,0.08643774782957916,1_3
Hungarian Grand Prix,statusId,SVC,0.818342151675485,0.08643774782957916,1_3
Hungarian Grand Prix,statusId,LDA,0.710758377425044,0.20850111754683104,1_3
Hungarian Grand Prix,statusId,MLP,0.818342151675485,0.08643774782957916,1_3
Hungarian Grand Prix,statusId,Extra Trees,0.7156862745098039,0.12323338323506404,1_4
Hungarian Grand Prix,statusId,Random Forest,0.7058823529411765,0.07204381596421108,1_4
Hungarian Grand Prix,statusId,Gradient Boosting,0.7647058823529411,0.06353667351380252,1_4
Hungarian Grand Prix,statusId,Logistic Regression,0.7647058823529411,0.0865858908463514,1_4
Hungarian Grand Prix,statusId,KNN,0.7941176470588235,0.06353667351380252,1_4
Hungarian Grand Prix,statusId,SVC,0.8039215686274509,0.0733658311132145,1_4
Hungarian Grand Prix,statusId,LDA,0.7156862745098039,0.11846123503524088,1_4
Hungarian Grand Prix,statusId,MLP,0.7549019607843137,0.11846123503524088,1_4
Hungarian Grand Prix,statusId,Extra Trees,0.7465447154471544,0.05894238855764969,1_5
Hungarian Grand Prix,statusId,Random Forest,0.6808943089430896,0.049869285147907706,1_5
Hungarian Grand Prix,statusId,Gradient Boosting,0.688211382113821,0.02701952741119325,1_5
Hungarian Grand Prix,statusId,Logistic Regression,0.7465447154471544,0.05547626372723726,1_5
Hungarian Grand Prix,statusId,KNN,0.7548780487804878,0.07816936822625299,1_5
Hungarian Grand Prix,statusId,SVC,0.7796747967479675,0.08566343795201205,1_5
Hungarian Grand Prix,statusId,LDA,0.7471544715447154,0.11899395408089523,1_5
Hungarian Grand Prix,statusId,MLP,0.7548780487804878,0.06726137674701306,1_5
Belgian Grand Prix,statusId,Extra Trees,0.7804232804232805,0.00374130572056373,1_3
Belgian Grand Prix,statusId,Random Forest,0.7438271604938271,0.030553996717937237,1_3
Belgian Grand Prix,statusId,Gradient Boosting,0.6834215167548501,0.028683343857655353,1_3
Belgian Grand Prix,statusId,Logistic Regression,0.6119929453262786,0.14310732116473224,1_3
Belgian Grand Prix,statusId,KNN,0.8042328042328042,0.03741305720563741,1_3
Belgian Grand Prix,statusId,SVC,0.8042328042328042,0.03741305720563741,1_3
Belgian Grand Prix,statusId,LDA,0.7799823633156967,0.03297753430567047,1_3
Belgian Grand Prix,statusId,MLP,0.7204585537918872,0.056917599869858615,1_3
Belgian Grand Prix,statusId,Extra Trees,0.6862745098039215,0.0604354314016566,1_4
Belgian Grand Prix,statusId,Random Forest,0.6862745098039215,0.11348859708617867,1_4
Belgian Grand Prix,statusId,Gradient Boosting,0.6960784313725491,0.09091782838721275,1_4
Belgian Grand Prix,statusId,Logistic Regression,0.676470588235294,0.08318903308077026,1_4
Belgian Grand Prix,statusId,KNN,0.7647058823529411,0.06353667351380252,1_4
Belgian Grand Prix,statusId,SVC,0.7745098039215685,0.0604354314016566,1_4
Belgian Grand Prix,statusId,LDA,0.7352941176470589,0.0415945165403851,1_4
Belgian Grand Prix,statusId,MLP,0.7058823529411765,0.08318903308077026,1_4
Belgian Grand Prix,statusId,Extra Trees,0.7042682926829268,0.0749694233394634,1_5
Belgian Grand Prix,statusId,Random Forest,0.7044715447154472,0.04336085704400289,1_5
Belgian Grand Prix,statusId,Gradient Boosting,0.7121951219512196,0.09366192405798157,1_5
Belgian Grand Prix,statusId,Logistic Regression,0.7130081300813007,0.09008629025541169,1_5
Belgian Grand Prix,statusId,KNN,0.7619918699186993,0.04765035726024396,1_5
Belgian Grand Prix,statusId,SVC,0.7705284552845528,0.04988667837699481,1_5
Belgian Grand Prix,statusId,LDA,0.7298780487804878,0.10455968886048973,1_5
Belgian Grand Prix,statusId,MLP,0.7123983739837398,0.10081997418890981,1_5
Italian Grand Prix,statusId,Extra Trees,0.7328042328042329,0.07042538062822362,1_3
Italian Grand Prix,statusId,Random Forest,0.7680776014109347,0.019599744947877324,1_3
Italian Grand Prix,statusId,Gradient Boosting,0.755731922398589,0.06408939086633729,1_3
Italian Grand Prix,statusId,Logistic Regression,0.7204585537918872,0.05691759986985862,1_3
Italian Grand Prix,statusId,KNN,0.8165784832451499,0.032424649578219084,1_3
Italian Grand Prix,statusId,SVC,0.8165784832451499,0.032424649578219084,1_3
Italian Grand Prix,statusId,LDA,0.46472663139329806,0.19674588925965744,1_3
Italian Grand Prix,statusId,MLP,0.7328042328042329,0.07042538062822362,1_3
Italian Grand Prix,statusId,Extra Trees,0.7745098039215685,0.02772967769359005,1_4
Italian Grand Prix,statusId,Random Forest,0.7647058823529411,0.0415945165403851,1_4
Italian Grand Prix,statusId,Gradient Boosting,0.7745098039215685,0.036682915556607236,1_4
Italian Grand Prix,statusId,Logistic Regression,0.8039215686274509,0.013864838846795053,1_4
Italian Grand Prix,statusId,KNN,0.7941176470588234,0.024014605321403714,1_4
Italian Grand Prix,statusId,SVC,0.8137254901960785,0.013864838846795053,1_4
Italian Grand Prix,statusId,LDA,0.7941176470588235,0.0415945165403851,1_4
Italian Grand Prix,statusId,MLP,0.784313725490196,0.03668291555660723,1_4
Italian Grand Prix,statusId,Extra Trees,0.6959349593495935,0.09726241579667108,1_5
Italian Grand Prix,statusId,Random Forest,0.7132113821138212,0.040692051838425045,1_5
Italian Grand Prix,statusId,Gradient Boosting,0.6644308943089431,0.047232378871428726,1_5
Italian Grand Prix,statusId,Logistic Regression,0.7380081300813007,0.027988328870758368,1_5
Italian Grand Prix,statusId,KNN,0.7211382113821138,0.04254138358358091,1_5
Italian Grand Prix,statusId,SVC,0.7869918699186993,0.04087741492675295,1_5
Italian Grand Prix,statusId,LDA,0.7623983739837398,0.060404507073972734,1_5
Italian Grand Prix,statusId,MLP,0.6471544715447154,0.034798267575662956,1_5
Singapore Grand Prix,statusId,Extra Trees,0.7310405643738976,0.09861572175622059,1_3
Singapore Grand Prix,statusId,Random Forest,0.7552910052910052,0.049149898399836744,1_3
Singapore Grand Prix,statusId,Gradient Boosting,0.6706349206349206,0.030756931263836485,1_3
Singapore Grand Prix,statusId,Logistic Regression,0.6975308641975309,0.1404914404535931,1_3
Singapore Grand Prix,statusId,KNN,0.7927689594356261,0.04563438812322969,1_3
Singapore Grand Prix,statusId,SVC,0.8051146384479718,0.03320664970681258,1_3
Singapore Grand Prix,statusId,LDA,0.6847442680776014,0.10645934203731912,1_3
Singapore Grand Prix,statusId,MLP,0.7081128747795414,0.07607321631812942,1_3
Singapore Grand Prix,statusId,Extra Trees,0.7058823529411765,0.06353667351380253,1_4
Singapore Grand Prix,statusId,Random Forest,0.7647058823529411,0.0865858908463514,1_4
Singapore Grand Prix,statusId,Gradient Boosting,0.7647058823529412,0.06353667351380252,1_4
Singapore Grand Prix,statusId,Logistic Regression,0.6568627450980392,0.13226213297286313,1_4
Singapore Grand Prix,statusId,KNN,0.7549019607843137,0.03668291555660723,1_4
Singapore Grand Prix,statusId,SVC,0.8137254901960783,0.03668291555660728,1_4
Singapore Grand Prix,statusId,LDA,0.676470588235294,0.12007302660701852,1_4
Singapore Grand Prix,statusId,MLP,0.6960784313725489,0.0733658311132145,1_4
Singapore Grand Prix,statusId,Extra Trees,0.7465447154471544,0.05547626372723726,1_5
Singapore Grand Prix,statusId,Random Forest,0.7703252032520326,0.014372089048507076,1_5
Singapore Grand Prix,statusId,Gradient Boosting,0.7459349593495935,0.03000980296795409,1_5
Singapore Grand Prix,statusId,Logistic Regression,0.7619918699186993,0.02615720206828288,1_5
Singapore Grand Prix,statusId,KNN,0.7705284552845528,0.010447233557639357,1_5
Singapore Grand Prix,statusId,SVC,0.8113821138211383,0.012803264835791523,1_5
Singapore Grand Prix,statusId,LDA,0.7130081300813007,0.05062893488435859,1_5
Singapore Grand Prix,statusId,MLP,0.7788617886178862,0.03340266436451082,1_5
Malaysian Grand Prix,statusId,Extra Trees,0.5956790123456791,0.10912141684977587,1_3
Malaysian Grand Prix,statusId,Random Forest,0.6335978835978836,0.03521269031411185,1_3
Malaysian Grand Prix,statusId,Gradient Boosting,0.6569664902998236,0.09103843920038443,1_3
Malaysian Grand Prix,statusId,Logistic Regression,0.5097001763668431,0.1885723654973356,1_3
Malaysian Grand Prix,statusId,KNN,0.6825396825396824,0.022447834323382487,1_3
Malaysian Grand Prix,statusId,SVC,0.7301587301587301,0.08979133729352982,1_3
Malaysian Grand Prix,statusId,LDA,0.6455026455026455,0.08989520238006816,1_3
Malaysian Grand Prix,statusId,MLP,0.4977954144620811,0.19799583879468877,1_3
Malaysian Grand Prix,statusId,Extra Trees,0.715686274509804,0.027729677693590107,1_4
Malaysian Grand Prix,statusId,Random Forest,0.6666666666666666,0.08433652222590808,1_4
Malaysian Grand Prix,statusId,Gradient Boosting,0.6960784313725491,0.0693241942339752,1_4
Malaysian Grand Prix,statusId,Logistic Regression,0.5882352941176471,0.14408763192842222,1_4
Malaysian Grand Prix,statusId,KNN,0.7352941176470589,0.024014605321403665,1_4
Malaysian Grand Prix,statusId,SVC,0.7450980392156863,0.04999038738816451,1_4
Malaysian Grand Prix,statusId,LDA,0.4803921568627451,0.1818356567744256,1_4
Malaysian Grand Prix,statusId,MLP,0.607843137254902,0.13864838846795052,1_4
Malaysian Grand Prix,statusId,Extra Trees,0.7123983739837398,0.061799982908580374,1_5
Malaysian Grand Prix,statusId,Random Forest,0.6308943089430894,0.054368304056261745,1_5
Malaysian Grand Prix,statusId,Gradient Boosting,0.6717479674796748,0.05976093669914292,1_5
Malaysian Grand Prix,statusId,Logistic Regression,0.5166666666666667,0.1120374171466907,1_5
Malaysian Grand Prix,statusId,KNN,0.688211382113821,0.08411589724585862,1_5
Malaysian Grand Prix,statusId,SVC,0.7613821138211382,0.07938598725574454,1_5
Malaysian Grand Prix,statusId,LDA,0.4607723577235772,0.1992552147974231,1_5
Malaysian Grand Prix,statusId,MLP,0.6146341463414634,0.12985753110960266,1_5
Japanese Grand Prix,statusId,Extra Trees,0.6948853615520282,0.020415938100159153,1_3
Japanese Grand Prix,statusId,Random Forest,0.7574955908289241,0.14561216550540398,1_3
Japanese Grand Prix,statusId,Gradient Boosting,0.769400352733686,0.11115484428100145,1_3
Japanese Grand Prix,statusId,Logistic Regression,0.5352733686067019,0.19674588925965747,1_3
Japanese Grand Prix,statusId,KNN,0.8421516754850088,0.11311564908244526,1_3
Japanese Grand Prix,statusId,SVC,0.8302469135802468,0.12009306455767729,1_3
Japanese Grand Prix,statusId,LDA,0.79320987654321,0.15425924690863949,1_3
Japanese Grand Prix,statusId,MLP,0.595679012345679,0.2117292948906481,1_3
Japanese Grand Prix,statusId,Extra Trees,0.7647058823529411,0.0865858908463514,1_4
Japanese Grand Prix,statusId,Random Forest,0.7745098039215687,0.16867304445181622,1_4
Japanese Grand Prix,statusId,Gradient Boosting,0.7745098039215685,0.08433652222590808,1_4
Japanese Grand Prix,statusId,Logistic Regression,0.5882352941176471,0.08658589084635146,1_4
Japanese Grand Prix,statusId,KNN,0.7843137254901961,0.13226213297286313,1_4
Japanese Grand Prix,statusId,SVC,0.823529411764706,0.12007302660701852,1_4
Japanese Grand Prix,statusId,LDA,0.7450980392156863,0.17037399212728202,1_4
Japanese Grand Prix,statusId,MLP,0.6470588235294118,0.06353667351380256,1_4
Japanese Grand Prix,statusId,Extra Trees,0.7961382113821139,0.09944364036924781,1_5
Japanese Grand Prix,statusId,Random Forest,0.7296747967479674,0.03314940331361805,1_5
Japanese Grand Prix,statusId,Gradient Boosting,0.7630081300813009,0.07913580756771575,1_5
Japanese Grand Prix,statusId,Logistic Regression,0.7205284552845529,0.07385911508376677,1_5
Japanese Grand Prix,statusId,KNN,0.788211382113821,0.11440182882611623,1_5
Japanese Grand Prix,statusId,SVC,0.8207317073170731,0.09970708637588062,1_5
Japanese Grand Prix,statusId,LDA,0.820528455284553,0.07968361076185325,1_5
Japanese Grand Prix,statusId,MLP,0.7542682926829268,0.0332750332918104,1_5
United States Grand Prix,statusId,Extra Trees,0.7195767195767195,0.015576297824211346,1_3
United States Grand Prix,statusId,Random Forest,0.5965608465608465,0.08379049318077884,1_3
United States Grand Prix,statusId,Gradient Boosting,0.6948853615520282,0.04738987246047406,1_3
United States Grand Prix,statusId,Logistic Regression,0.6353615520282186,0.07206533512954583,1_3
United States Grand Prix,statusId,KNN,0.769400352733686,0.07098902361556889,1_3
United States Grand Prix,statusId,SVC,0.769400352733686,0.07098902361556889,1_3
United States Grand Prix,statusId,LDA,0.7200176366843033,0.02930689481108262,1_3
United States Grand Prix,statusId,MLP,0.6701940035273369,0.03465058678022663,1_3
United States Grand Prix,statusId,Extra Trees,0.6960784313725491,0.013864838846795053,1_4
United States Grand Prix,statusId,Random Forest,0.676470588235294,0.08658589084635142,1_4
United States Grand Prix,statusId,Gradient Boosting,0.7450980392156863,0.03668291555660723,1_4
United States Grand Prix,statusId,Logistic Regression,0.7745098039215687,0.055459355387180165,1_4
United States Grand Prix,statusId,KNN,0.7745098039215685,0.036682915556607236,1_4
United States Grand Prix,statusId,SVC,0.7745098039215685,0.036682915556607236,1_4
United States Grand Prix,statusId,LDA,0.784313725490196,0.027729677693590107,1_4
United States Grand Prix,statusId,MLP,0.7647058823529411,0.024014605321403665,1_4
United States Grand Prix,statusId,Extra Trees,0.7050813008130081,0.03302579726640418,1_5
United States Grand Prix,statusId,Random Forest,0.6888211382113821,0.02745181875753773,1_5
United States Grand Prix,statusId,Gradient Boosting,0.7132113821138212,0.060322381762957206,1_5
United States Grand Prix,statusId,Logistic Regression,0.7540650406504065,0.002874417809701415,1_5
United States Grand Prix,statusId,KNN,0.7298780487804878,0.05103285772829033,1_5
United States Grand Prix,statusId,SVC,0.7786585365853659,0.02008187682265298,1_5
United States Grand Prix,statusId,LDA,0.7623983739837398,0.008910695210074388,1_5
United States Grand Prix,statusId,MLP,0.7623983739837398,0.008910695210074388,1_5
Mexican Grand Prix,statusId,Extra Trees,0.779100529100529,0.13293924993004264,1_3
Mexican Grand Prix,statusId,Random Forest,0.7791005291005292,0.15807846818970703,1_3
Mexican Grand Prix,statusId,Gradient Boosting,0.7804232804232804,0.09079895397741011,1_3
Mexican Grand Prix,statusId,Logistic Regression,0.7923280423280423,0.09302619562178435,1_3
Mexican Grand Prix,statusId,KNN,0.8531746031746031,0.053338214692211505,1_3
Mexican Grand Prix,statusId,SVC,0.8531746031746031,0.053338214692211505,1_3
Mexican Grand Prix,statusId,LDA,0.7667548500881834,0.17553706919672285,1_3
Mexican Grand Prix,statusId,MLP,0.8161375661375662,0.08124608109094525,1_3
Mexican Grand Prix,statusId,Extra Trees,0.7549019607843137,0.09091782838721275,1_4
Mexican Grand Prix,statusId,Random Forest,0.7941176470588235,0.07204381596421108,1_4
Mexican Grand Prix,statusId,Gradient Boosting,0.7843137254901961,0.09705387192756533,1_4
Mexican Grand Prix,statusId,Logistic Regression,0.7352941176470589,0.0415945165403851,1_4
Mexican Grand Prix,statusId,KNN,0.7843137254901961,0.07336583111321451,1_4
Mexican Grand Prix,statusId,SVC,0.8039215686274509,0.0733658311132145,1_4
Mexican Grand Prix,statusId,LDA,0.7745098039215685,0.04999038738816452,1_4
Mexican Grand Prix,statusId,MLP,0.7549019607843137,0.07336583111321451,1_4
Mexican Grand Prix,statusId,Extra Trees,0.7628048780487804,0.04827738527520426,1_5
Mexican Grand Prix,statusId,Random Forest,0.7546747967479673,0.05800985349619955,1_5
Mexican Grand Prix,statusId,Gradient Boosting,0.7136178861788617,0.07384569001843215,1_5
Mexican Grand Prix,statusId,Logistic Regression,0.7871951219512194,0.05650918266583036,1_5
Mexican Grand Prix,statusId,KNN,0.8038617886178862,0.07077433067674858,1_5
Mexican Grand Prix,statusId,SVC,0.8038617886178862,0.07077433067674858,1_5
Mexican Grand Prix,statusId,LDA,0.7955284552845528,0.06294646864806698,1_5
Mexican Grand Prix,statusId,MLP,0.7707317073170733,0.044885117859649666,1_5
Brazilian Grand Prix,statusId,Extra Trees,0.644620811287478,0.10959606485471277,1_3
Brazilian Grand Prix,statusId,Random Forest,0.6331569664902998,0.08336015730579524,1_3
Brazilian Grand Prix,statusId,Gradient Boosting,0.6569664902998236,0.12852412258770418,1_3
Brazilian Grand Prix,statusId,Logistic Regression,0.5097001763668431,0.1885723654973356,1_3
Brazilian Grand Prix,statusId,KNN,0.644620811287478,0.1009074226622003,1_3
Brazilian Grand Prix,statusId,SVC,0.755731922398589,0.06408939086633729,1_3
Brazilian Grand Prix,statusId,LDA,0.48412698412698413,0.2216651285294463,1_3
Brazilian Grand Prix,statusId,MLP,0.5462962962962963,0.18809443191595793,1_3
Brazilian Grand Prix,statusId,Extra Trees,0.6764705882352943,0.024014605321403714,1_4
Brazilian Grand Prix,statusId,Random Forest,0.7058823529411765,0.06353667351380252,1_4
Brazilian Grand Prix,statusId,Gradient Boosting,0.6862745098039215,0.013864838846795053,1_4
Brazilian Grand Prix,statusId,Logistic Regression,0.6862745098039217,0.15989712186568716,1_4
Brazilian Grand Prix,statusId,KNN,0.7745098039215687,0.0604354314016566,1_4
Brazilian Grand Prix,statusId,SVC,0.7843137254901961,0.0604354314016566,1_4
Brazilian Grand Prix,statusId,LDA,0.7941176470588235,0.06353667351380252,1_4
Brazilian Grand Prix,statusId,MLP,0.5980392156862746,0.09091782838721281,1_4
Brazilian Grand Prix,statusId,Extra Trees,0.6963414634146341,0.034247816698903304,1_5
Brazilian Grand Prix,statusId,Random Forest,0.6471544715447154,0.034798267575662956,1_5
Brazilian Grand Prix,statusId,Gradient Boosting,0.6886178861788617,0.021479422461175426,1_5
Brazilian Grand Prix,statusId,Logistic Regression,0.6711382113821139,0.08794215405694711,1_5
Brazilian Grand Prix,statusId,KNN,0.7046747967479675,0.054027586513143364,1_5
Brazilian Grand Prix,statusId,SVC,0.7455284552845528,0.03369818174969549,1_5
Brazilian Grand Prix,statusId,LDA,0.7038617886178861,0.09166148381865276,1_5
Brazilian Grand Prix,statusId,MLP,0.6376016260162601,0.15836163997571345,1_5
Abu Dhabi Grand Prix,statusId,Extra Trees,0.5595238095238094,0.16001464407663454,1_3
Abu Dhabi Grand Prix,statusId,Random Forest,0.5590828924162258,0.18683234864312706,1_3
Abu Dhabi Grand Prix,statusId,Gradient Boosting,0.5718694885361552,0.16898230837879577,1_3
Abu Dhabi Grand Prix,statusId,Logistic Regression,0.3628747795414462,0.17858068214750644,1_3
Abu Dhabi Grand Prix,statusId,KNN,0.5480599647266314,0.1568686158207388,1_3
Abu Dhabi Grand Prix,statusId,SVC,0.6194885361552028,0.187141136016613,1_3
Abu Dhabi Grand Prix,statusId,LDA,0.48721340388007056,0.1403377578838524,1_3
Abu Dhabi Grand Prix,statusId,MLP,0.5590828924162258,0.18683234864312706,1_3
Abu Dhabi Grand Prix,statusId,Extra Trees,0.7058823529411765,0.02401460532140371,1_4
Abu Dhabi Grand Prix,statusId,Random Forest,0.7254901960784315,0.036682915556607236,1_4
Abu Dhabi Grand Prix,statusId,Gradient Boosting,0.6372549019607844,0.06043543140165665,1_4
Abu Dhabi Grand Prix,statusId,Logistic Regression,0.5980392156862745,0.15439231125513359,1_4
Abu Dhabi Grand Prix,statusId,KNN,0.7647058823529411,0.0415945165403851,1_4
Abu Dhabi Grand Prix,statusId,SVC,0.7647058823529411,0.024014605321403665,1_4
Abu Dhabi Grand Prix,statusId,LDA,0.6470588235294118,0.11004874666982178,1_4
Abu Dhabi Grand Prix,statusId,MLP,0.6960784313725491,0.03668291555660728,1_4
Abu Dhabi Grand Prix,statusId,Extra Trees,0.7544715447154472,0.051213059343166244,1_5
Abu Dhabi Grand Prix,statusId,Random Forest,0.6886178861788617,0.04063414308812942,1_5
Abu Dhabi Grand Prix,statusId,Gradient Boosting,0.6965447154471546,0.025073426443077196,1_5
Abu Dhabi Grand Prix,statusId,Logistic Regression,0.5565040650406504,0.09612940195806033,1_5
Abu Dhabi Grand Prix,statusId,KNN,0.7784552845528455,0.02244992076664079,1_5
Abu Dhabi Grand Prix,statusId,SVC,0.7867886178861788,0.012985880361758783,1_5
Abu Dhabi Grand Prix,statusId,LDA,0.5404471544715448,0.10085930290304106,1_5
Abu Dhabi Grand Prix,statusId,MLP,0.6973577235772358,0.05840163418776431,1_5
